{
    "Rect": {
        "x": 157.11833,
        "y": 23.042908,
        "width": 59.805542,
        "height": 52.944183
    },
    "Offset": {
        "x": -1.4210968,
        "y": -32.555
    }
}