{
    "Rect": {
        "x": 154.04291,
        "y": 30.07612,
        "width": 65.9236,
        "height": 49.897133
    },
    "Offset": {
        "x": -1.4047004,
        "y": -38.064686
    }
}