{
    "Rect": {
        "x": 157.01291,
        "y": 29.07612,
        "width": 58.881516,
        "height": 55.880974
    },
    "Offset": {
        "x": -0.8536604,
        "y": -40.056606
    }
}