{
    "Rect": {
        "x": 153.07613,
        "y": 33.076122,
        "width": 71.89038,
        "height": 48.893536
    },
    "Offset": {
        "x": -3.4213095,
        "y": -40.562893
    }
}