{
    "Rect": {
        "x": 151.01291,
        "y": 23.012913,
        "width": 74.8956,
        "height": 49.97418
    },
    "Offset": {
        "x": -2.8607032,
        "y": -31.040003
    }
}