{
    "Rect": {
        "x": 143.02675,
        "y": 33.076122,
        "width": 86.9465,
        "height": 37.84776
    },
    "Offset": {
        "x": -0.8999938,
        "y": -35.04
    }
}