{
    "Rect": {
        "x": 106.07612,
        "y": 20.042908,
        "width": 71.847755,
        "height": 67.93034
    },
    "Offset": {
        "x": 43.600006,
        "y": -37.04808
    }
}