{
    "Rect": {
        "x": 159.02675,
        "y": 28.07612,
        "width": 68.8239,
        "height": 43.910973
    },
    "Offset": {
        "x": -7.8386917,
        "y": -33.071606
    }
}