{
    "Rect": {
        "x": 147.01291,
        "y": 32.026752,
        "width": 76.94418,
        "height": 47.89713
    },
    "Offset": {
        "x": 0.11500432,
        "y": -39.015316
    }
}